<?xml version="1.0" encoding="UTF-8"?>
<project-private xmlns="http://www.netbeans.org/ns/project-private/1">
    <editor-bookmarks xmlns="http://www.netbeans.org/ns/editor-bookmarks/2" lastBookmarkId="0"/>
    <open-files xmlns="http://www.netbeans.org/ns/projectui-open-files/2">
        <group>
            <file>file:/C:/Users/Acer/Desktop/Java%20Project/Java%20Attendence%20Application/JavaAttendence03/src/logins/logIn.java</file>
            <file>file:/C:/Users/Acer/Desktop/Java%20Project/Java%20Attendence%20Application/JavaAttendence03/src/logins/StudentINfo.java</file>
            <file>file:/C:/Users/Acer/Desktop/Java%20Project/Java%20Attendence%20Application/JavaAttendence03/src/logins/Sections.java</file>
            <file>file:/C:/Users/Acer/Desktop/Java%20Project/Java%20Attendence%20Application/JavaAttendence03/src/logins/FacultyMain.java</file>
            <file>file:/C:/Users/Acer/Desktop/Java%20Project/Java%20Attendence%20Application/JavaAttendence03/src/logins/ClassAttendence.java</file>
            <file>file:/C:/Users/Acer/Desktop/Java%20Project/Java%20Attendence%20Application/JavaAttendence03/src/logins/dbconnect.java</file>
        </group>
    </open-files>
</project-private>
